0	1.000000000000000	1.000000000000000	0.0
1	1.000000000000000	0.999509500011981	0.0
2	0.999999999999999	0.998038000755068	0.0
3	1.000000000000017	0.995585508580828	0.0
4	1.000000000000458	0.992152048103103	0.0
5	1.000000000004489	0.987737682986868	0.0
6	1.000000000028034	0.982342544550299	0.0
7	1.000000000130814	0.975966867685806	0.0
8	1.000000000495037	0.968611033475013	0.0
9	1.000000001597815	0.960275617748126	0.0
10	1.000000004549734	0.950961444719163	0.0
11	1.000000011705659	0.940669644713865	0.0
12	1.000000027694343	0.929401714894279	0.0
13	1.000000061060069	0.917159581769646	0.0
14	1.000000126760861	0.903945664162950	0.0
15	1.000000249821554	0.889762935171243	0.0
16	1.000000470493049	0.874614981509829	0.0
17	1.000000851317266	0.858506058459434	0.0
18	1.000001486535008	0.841441138435631	0.0
19	1.000002514294073	0.823425950965196	0.0
20	1.000004132108395	0.804467011580300	0.0
21	1.000006615974258	0.784571636825607	0.0
22	1.000010343452713	0.763747942215521	0.0
23	1.000015820860960	0.742004819582811	0.0
24	1.000023714459379	0.719351889835161	0.0
25	1.000034885151520	0.695799426699164	0.0
26	1.000050425705308	0.671358246607699	0.0
27	1.000071698826956	0.646039559513506	0.0
28	1.000100373546383	0.619854775139822	0.0
29	1.000138456279089	0.592815259074932	0.0
30	1.000188311596277	0.564932033265576	0.0
31	1.000252666157173	0.536215415966965	0.0
32	1.000334587450193	0.506674597184669	0.0
33	1.000437426997560	0.476317147229631	0.0
34	1.000564715586327	0.445148458342899	0.0
35	1.000719996033792	0.413171122567707	0.0
36	1.000906577175189	0.380384253268066	0.0
37	1.001127191443226	0.346782762985770	0.0
38	1.001383537930143	0.312356616688887	0.0
39	1.001675693584231	0.277090086784695	0.0
40	1.002001377636974	0.240961044295787	0.0
41	1.002355058932624	0.203940328899262	0.0
42	1.002726902935824	0.165991248471971	0.0
43	1.003101565094480	0.127069265523281	0.0
44	1.003456849983434	0.087121932388901	0.0
45	1.003762270976010	0.046089138121369	0.0
46	1.003977562390961	0.003903726418783	0.0
47	1.004051213952822	-0.039507465435496	0.0
48	1.003919114275301	-0.084222112607091	0.0
49	1.003503403752131	-0.130320442527982	0.0
50	1.002711645223533	-0.177882826500472	0.0
51	1.001436420537006	-0.226986975183984	0.0
52	0.999555450429950	-0.277704826497586	0.0
53	0.996932312612293	-0.330099249660483	0.0
54	0.993417798365933	-0.384220718658600	0.0
55	0.988851902891782	-0.440104127685096	0.0
56	0.983066392324933	-0.497765925743845	0.0
57	0.975887835771390	-0.557201734465762	0.0
58	0.967140940008915	-0.618384580986930	0.0
59	0.956651984025452	-0.681263827557757	0.0
60	0.944252125902406	-0.745764814899127	0.0
61	0.929780349326726	-0.811789162638967	0.0
62	0.913085832117450	-0.879215593815293	0.0
63	0.894029552365353	-0.947901077282508	0.0
64	0.872484994079979	-1.017682015671637	0.0
65	0.848337866653642	-1.088375147461641	0.0
66	0.821484803408608	-1.159777774864754	0.0
67	0.791831047352969	-1.231666863545493	0.0
68	0.759287163022095	-1.303796466931473	0.0
69	0.723764832597643	-1.375892778283277	0.0
70	0.685171811078480	-1.447645865072353	0.0
71	0.643406152871217	-1.518696729986216	0.0
72	0.598349935617091	-1.588617682658341	0.0
73	0.549863019311936	-1.656882987381180	0.0
74	0.497778163357439	-1.722825306968367	0.0
75	0.441900675415684	-1.785571831951163	0.0
76	0.382019879062214	-1.843953647050118	0.0
77	0.317947959789448	-1.896388319398268	0.0
78	0.249614789624130	-1.940764505187171	0.0
79	0.177253629227427	-1.974437870975390	0.0
80	0.101662882789012	-1.994576379542053	0.0
81	0.024359281472330	-1.999054932101688	0.0
82	-0.052686285655363	-1.987504903712568	0.0
83	-0.127682063536704	-1.961517667394684	0.0
84	-0.199473212364413	-1.923771574757336	0.0
85	-0.267540202047646	-1.877004941138529	0.0
86	-0.331766511971285	-1.823497563208325	0.0
87	-0.392226912055429	-1.764987977231509	0.0
88	-0.449063320620436	-1.702766016030422	0.0
89	-0.502426477228512	-1.637792342429075	0.0
90	-0.552453345203310	-1.570796951020628	0.0
91	-0.599261385529563	-1.502350408936204	0.0
92	-0.642950146421871	-1.432913012725302	0.0
93	-0.683605724210006	-1.362868130526193	0.0
94	-0.721306101076437	-1.292544621799681	0.0
95	-0.756126466648820	-1.222231725368280	0.0
96	-0.788144103706761	-1.152188683994057	0.0
97	-0.817442612378325	-1.082650628252761	0.0
98	-0.844115324981044	-1.013831774013238	0.0
99	-0.868267800464858	-0.945926703087771	0.0
100	-0.890019317699181	-0.879110326489049	0.0
101	-0.909503325040100	-0.813537026074774	0.0
102	-0.926866853396163	-0.749339400244376	0.0
103	-0.942268958728732	-0.686626980849055	0.0
104	-0.955878321181921	-0.625485228175766	0.0
105	-0.967870183748807	-0.565975042346928	0.0
106	-0.978422855634120	-0.508132952064831	0.0
107	-0.987714028171619	-0.451972059000804	0.0
108	-0.995917151180807	-0.397483734655563	0.0
109	-1.003198095361665	-0.344639993463469	0.0
110	-1.009712285322061	-0.293396407766693	0.0
111	-1.015602434082153	-0.243695391494163	0.0
112	-1.020996950532628	-0.195469661689227	0.0
113	-1.026009033353658	-0.148645689443626	0.0
114	-1.030736414174912	-0.103146971062743	0.0
115	-1.035261673286931	-0.058896981705522	0.0
116	-1.039653024951666	-0.015821712055185	0.0
117	-1.043965456345905	0.026148271225077	0.0
118	-1.048242102947653	0.067076262589037	0.0
119	-1.052515751319454	0.107018340992074	0.0
120	-1.056810374901848	0.146022742775708	0.0
121	-1.061142626774642	0.184129629458654	0.0
122	-1.065523232889517	0.221371185477263	0.0
123	-1.069958248074400	0.257771977081951	0.0
124	-1.074450153806188	0.293349505006588	0.0
125	-1.078998790564419	0.328114888772581	0.0
126	-1.083602128220060	0.362073628204481	0.0
127	-1.088256885455998	0.395226396723133	0.0
128	-1.092959013982887	0.427569830281503	0.0
129	-1.097704065768425	0.459097284705239	0.0
130	-1.102487462152765	0.489799542221809	0.0
131	-1.107304683076475	0.519665454842751	0.0
132	-1.112151393143524	0.548682517901653	0.0
133	-1.117023519246949	0.576837371464963	0.0
134	-1.121917292282973	0.604116230622827	0.0
135	-1.126829263275413	0.630505247977760	0.0
136	-1.131756302162671	0.655990813144868	0.0
137	-1.136695585645181	0.680559794923680	0.0
138	-1.141644578890412	0.704199732152188	0.0
139	-1.146601014553530	0.726898979243185	0.0
140	-1.151562871483096	0.748646812145017	0.0
141	-1.156528354619455	0.769433500054697	0.0
142	-1.161495876929603	0.789250347712320	0.0
143	-1.166464043726077	0.808089712575053	0.0
144	-1.171431639359384	0.825945000645022	0.0
145	-1.176397616027425	0.842810644234046	0.0
146	-1.181361084288288	0.858682064505909	0.0
147	-1.186321304775609	0.873555621252374	0.0
148	-1.191277680582608	0.887428552035917	0.0
149	-1.196229749789289	0.900298902569149	0.0
150	-1.201177177647095	0.912165449994397	0.0
151	-1.206119747998269	0.923027620570867	0.0
152	-1.211057353586916	0.932885403164001	0.0
153	-1.215989985009624	0.941739259853749	0.0
154	-1.220917718150899	0.949590034926940	0.0
155	-1.225840700048273	0.956438863485008	0.0
156	-1.230759133229905	0.962287080873564	0.0
157	-1.235673258660163	0.967136134116716	0.0
158	-1.240583337512613	0.970987496509548	0.0
159	-1.245489632062007	0.973842586480538	0.0
160	-1.250392386044484	0.975702691777061	0.0
161	-1.255291804876015	0.976568899947821	0.0
162	-1.260188036141635	0.976442035993997	0.0
163	-1.265081150771137	0.975322607935291	0.0
164	-1.269971125300619	0.973210760888729	0.0
165	-1.274857825584180	0.970106240089007	0.0
166	-1.279740992267569	0.966008363092585	0.0
167	-1.284620228267806	0.960916001207840	0.0
168	-1.289494988422352	0.954827569985107	0.0
169	-1.294364571381388	0.947741028388765	0.0
170	-1.299228113720330	0.939653886063969	0.0
171	-1.304084586150112	0.930563217908473	0.0
172	-1.308932791602829	0.920465684970094	0.0
173	-1.313771364872593	0.909357560517091	0.0
174	-1.318598773397656	0.897234759975560	0.0
175	-1.323413318680909	0.884092873297690	0.0
176	-1.328213137761996	0.869927198219387	0.0
177	-1.332996204074457	0.854732772786449	0.0
178	-1.337760326943886	0.838504405475906	0.0
179	-1.342503148905217	0.821236701213518	0.0
180	-1.347222139935766	0.802924081589986	0.0
181	-1.351914587611396	0.783560797607605	0.0
182	-1.356577582092092	0.763140933347095	0.0
183	-1.361207994726034	0.741658399033384	0.0
184	-1.365802448924184	0.719106912103026	0.0
185	-1.370357281797383	0.695479965040300	0.0
186	-1.374868494863513	0.670770778961799	0.0
187	-1.379331691923683	0.644972242200768	0.0
188	-1.383742001976707	0.618076833485166	0.0
189	-1.388093984797062	0.590076529732486	0.0
190	-1.392381516553858	0.560962699016185	0.0
191	-1.396597652613576	0.530725979910521	0.0
192	-1.400734464469894	0.499356149209210	0.0
193	-1.404782847609344	0.466841980952492	0.0
194	-1.408732297088615	0.433171100795373	0.0
195	-1.412570647712182	0.398329841006924	0.0
196	-1.416283776007667	0.362303102793866	0.0
197	-1.419855261755186	0.325074234161985	0.0
198	-1.423266007690250	0.286624933115931	0.0
199	-1.426493817216451	0.246935187576880	0.0
200	-1.429512931570135	0.205983264866457	0.0
201	-1.432293529887578	0.163745764835597	0.0
202	-1.434801198014909	0.120197751556076	0.0
203	-1.436996374605037	0.075312978772447	0.0
204	-1.438833785939425	0.029064223863164	0.0
205	-1.440261883804320	-0.018576256269879	0.0
206	-1.441222303379464	-0.067636136281863	0.0
207	-1.441649360134112	-0.118142292672275	0.0
208	-1.441469605789769	-0.170119929798003	0.0
209	-1.440601463093839	-0.223591563141512	0.0
210	-1.438954957056126	-0.278575866717526	0.0
211	-1.436431556090211	-0.335086396635481	0.0
212	-1.432924129940667	-0.393130207002071	0.0
213	-1.428317022285547	-0.452706376637999	0.0
214	-1.422486224590158	-0.513804464449559	0.0
215	-1.415299624461824	-0.576402906593173	0.0
216	-1.406617286908564	-0.640467358576179	0.0
217	-1.396291711168791	-0.705948968837529	0.0
218	-1.384167989862398	-0.772782545669828	0.0
219	-1.370083781849633	-0.840884544760813	0.0
220	-1.353868996146677	-0.910150757682375	0.0
221	-1.335345072531387	-0.980453518765059	0.0
222	-1.314323736831925	-1.051638163687269	0.0
223	-1.290605109080196	-1.123518360200818	0.0
224	-1.263975059139450	-1.195869779690695	0.0
225	-1.234201755550527	-1.268421376939789	0.0
226	-1.201031478428773	-1.340843290028239	0.0
227	-1.164184046659745	-1.412730085994728	0.0
228	-1.123348800448182	-1.483577869143879	0.0
229	-1.078183266471833	-1.552753970280575	0.0
230	-1.028318850878565	-1.619459399338817	0.0
231	-0.973381558950528	-1.682688826962567	0.0
232	-0.913040242573288	-1.741203648717137	0.0
233	-0.847095958431833	-1.793552745797506	0.0
234	-0.775612210802022	-1.838194196937890	0.0
235	-0.699044604064356	-1.873754398812631	0.0
236	-0.618279503065614	-1.899365867716689	0.0
237	-0.534510199920140	-1.914901716885774	0.0
238	-0.448997801561491	-1.920946781691943	0.0
239	-0.362855991355684	-1.918545063146873	0.0
240	-0.276950634312723	-1.908904783692964	0.0
241	-0.191901936434617	-1.893193405808442	0.0
242	-0.108133732140387	-1.872442514335150	0.0
243	-0.025928574477815	-1.847526045605564	0.0
244	0.054528187170298	-1.819173343399519	0.0
245	0.133117800913245	-1.787993432396985	0.0
246	0.209768344314818	-1.754499485059770	0.0
247	0.284442430742021	-1.719129489137735	0.0
248	0.357129658827658	-1.682262321473553	0.0
249	0.427841879086356	-1.644229659415893	0.0
250	0.496609999260391	-1.605324516113111	0.0
251	0.563481509265012	-1.565807201740988	0.0
252	0.628518221613893	-1.525909416616011	0.0
253	0.691793940362275	-1.485837061252729	0.0
254	0.753391923675180	-1.445772231227962	0.0
255	0.813402111863594	-1.405874757875118	0.0
256	0.871918165091605	-1.366283559585175	0.0
257	0.929034399058627	-1.327117982435537	0.0
258	0.984842726908594	-1.288479233548611	0.0
259	1.039429715200972	-1.250451947342126	0.0
260	1.092873845223456	-1.213105875092457	0.0
261	1.145243042965741	-1.176497652758636	0.0
262	1.196592506594175	-1.140672580456793	0.0
263	1.246962823792123	-1.105666337739430	0.0
264	1.296378336554142	-1.071506559269575	0.0
265	1.344845680535752	-1.038214202257978	0.0
266	1.392352401363402	-1.005804646593973	0.0
267	1.438865532129021	-0.974288477563861	0.0
268	1.484330005255234	-0.943671906509448	0.0
269	1.528666769641457	-0.913956784526792	0.0
270	1.571770494829369	-0.885140157086685	0.0
271	1.613506777639186	-0.857213293511996	0.0
272	1.653708842743668	-0.830160107603008	0.0
273	1.692173881976214	-0.803954873027187	0.0
274	1.728659464946865	-0.778559149180322	0.0
275	1.762880956069480	-0.753917909934753	0.0
276	1.794511671120708	-0.729955079077126	0.0
277	1.823188593826150	-0.706569121244734	0.0
278	1.848527546272398	-0.683630094409327	0.0
279	1.870151837477302	-0.660980538083657	0.0
280	1.887735922734281	-0.638443185675552	0.0
281	1.901059023080628	-0.615837587234297	0.0
282	1.910054435225084	-0.593004279953950	0.0
283	1.914834979246704	-0.569830107408435	0.0
284	1.915681346974713	-0.546265481345738	0.0
285	1.912996836206398	-0.522327272145839	0.0
286	1.907246758417935	-0.498088020135518	0.0
287	1.898902968843640	-0.473657720472915	0.0
288	1.888405308076732	-0.449165185043123	0.0
289	1.876141456352600	-0.424743289554318	0.0
290	1.862440830037075	-0.400519302127595	0.0
291	1.847576924572658	-0.376609610371931	0.0
292	1.831773664692567	-0.353117551868624	0.0
293	1.815212977007738	-0.330133146215059	0.0
294	1.798042120511195	-0.307733850700808	0.0
295	1.780380146176918	-0.285985778614204	0.0
296	1.762323312616087	-0.264945054654891	0.0
297	1.743949501848814	-0.244659135052732	0.0
298	1.725321764506780	-0.225168011562130	0.0
299	1.706491143348317	-0.206505269779525	0.0
300	1.687498914445414	-0.188698999085863	0.0
301	1.668378365440133	-0.171772564333653	0.0
302	1.649156208612403	-0.155745254513011	0.0
303	1.629853706795555	-0.140632824729726	0.0
304	1.610487573593439	-0.126447946982071	0.0
305	1.591070695959963	-0.113200583556822	0.0
306	1.571612716630963	-0.100898294965044	0.0
307	1.552120505663240	-0.089546492492370	0.0
308	1.532598543965634	-0.079148643772911	0.0
309	1.513049236796961	-0.069706438352372	0.0
310	1.493473171425555	-0.061219918984707	0.0
311	1.473869330234858	-0.053687583389161	0.0
312	1.454235268317523	-0.047106460355807	0.0
313	1.434567262872347	-0.041472163402074	0.0
314	1.414860440386431	-0.036778924627188	0.0
315	1.395108886559609	-0.033019610965932	0.0
316	1.375305743141567	-0.030185724691717	0.0
317	1.355443295252037	-0.028267389748892	0.0
318	1.335513052301350	-0.027253325296183	0.0
319	1.315505825291567	-0.027130807710376	0.0
320	1.295411803033099	-0.027885622227678	0.0
321	1.275220629638667	-0.029502005387497	0.0
322	1.254921485539255	-0.031962579489212	0.0
323	1.234503174191046	-0.035248280377980	0.0
324	1.213954216594888	-0.039338280042966	0.0
325	1.193262955717378	-0.044209905743425	0.0
326	1.172417672871416	-0.049838557678155	0.0
327	1.151406718068964	-0.056197627584824	0.0
328	1.130218656282741	-0.063258421099668	0.0
329	1.108842431427615	-0.070990087225094	0.0
330	1.087267549674453	-0.079359558840117	0.0
331	1.065484283414785	-0.088331508839162	0.0
332	1.043483896776721	-0.097868327185777	0.0
333	1.021258893022335	-0.107930124898824	0.0
334	0.998803283404814	-0.118474771719968	0.0
335	0.976112876101822	-0.129457974901861	0.0
336	0.953185582645776	-0.140833407152528	0.0
337	0.930021737825438	-0.152552892205716	0.0
338	0.906624427332198	-0.164566656677927	0.0
339	0.882999815481973	-0.176823656726549	0.0
340	0.859157463196545	-0.189271987436819	0.0
341	0.835110624142960	-0.201859381731253	0.0
342	0.810876504607307	-0.214533803811790	0.0
343	0.786476470459569	-0.227244139626385	0.0
344	0.761936182627470	-0.239940983543036	0.0
345	0.737285641052904	-0.252577516306327	0.0
346	0.712559116393498	-0.265110464498752	0.0
347	0.687794949003022	-0.277501126262752	0.0
348	0.663035196213865	-0.289716442178686	0.0
349	0.638325111848983	-0.301730084247391	0.0
350	0.613712446334912	-0.313523530284077	0.0
351	0.589246561796285	-0.325087086144314	0.0
352	0.564977363985128	-0.336420814552121	0.0
353	0.540954061594825	-0.347535327347855	0.0
354	0.517223773050005	-0.358452398116091	0.0
355	0.493830010750118	-0.369205354670564	0.0
356	0.470811082391631	-0.379839215883664	0.0
357	0.448198457781809	-0.390410544784075	0.0
358	0.426015156888132	-0.400986999445601	0.0
359	0.404274220221670	-0.411646574514116	0.0
360	0.382977325633191	-0.422476538690685	0.0
361	0.362113615960368	-0.433572086446456	0.0
362	0.341658799608902	-0.445034735005493	0.0
363	0.321574581118869	-0.456970509545672	0.0
364	0.301808471194397	-0.469487970061506	0.0
365	0.282294015743196	-0.482696141930184	0.0
366	0.262951471371887	-0.496702418542740	0.0
367	0.243688940684329	-0.511610508101017	0.0
368	0.224403964788574	-0.527518497577482	0.0
369	0.204985552813734	-0.544517104646210	0.0
370	0.185316609252026	-0.562688182885737	0.0
371	0.165276700059501	-0.582103536527050	0.0
372	0.144745078474907	-0.602824088368059	0.0
373	0.123603872658722	-0.624899428293988	0.0
374	0.101741321154926	-0.648367750549229	0.0
375	0.079054930832680	-0.673256166358245	0.0
376	0.055454427515123	-0.699581356051112	0.0
377	0.030864373891082	-0.727350503336828	0.0
378	0.005226343839971	-0.756562435896107	0.0
379	-0.021499432788156	-0.787208883119859	0.0
380	-0.049333006770634	-0.819275755246853	0.0
381	-0.078274238609654	-0.852744349147602	0.0
382	-0.108302887769794	-0.887592394196890	0.0
383	-0.139379187853084	-0.923794865464030	0.0
384	-0.171444797473336	-0.961324508142992	0.0
385	-0.204423989444872	-1.000152033372976	0.0
386	-0.238224923974807	-1.040245957784732	0.0
387	-0.272740844105081	-1.081572063850911	0.0
388	-0.307851030943497	-1.124092452333085	0.0
389	-0.343421357833321	-1.167764138766604	0.0
390	-0.379304280868304	-1.212537109279315	0.0
391	-0.415338091415879	-1.258351691363193	0.0
392	-0.451345226872548	-1.305135002653864	0.0
393	-0.487129379499526	-1.352796097989592	0.0
394	-0.522471048235316	-1.401219211683105	0.0
395	-0.557121030222420	-1.450254135428426	0.0
396	-0.590791131507719	-1.499702192384762	0.0
397	-0.623141083436975	-1.549295314095869	0.0
398	-0.653760325449310	-1.598664164566034	0.0
399	-0.682143178518038	-1.647288792523831	0.0
400	-0.707656780013657	-1.694421876054288	0.0
401	-0.729505419711448	-1.738971852857402	0.0
402	-0.746709055632704	-1.779339500497731	0.0
403	-0.758150031861639	-1.813245684091176	0.0
404	-0.762800688971399	-1.837729487698149	0.0
405	-0.760225065488671	-1.849709937431819	0.0
406	-0.751106734065829	-1.847291228745032	0.0
407	-0.737150640827838	-1.830854408410528	0.0
408	-0.720291117012905	-1.802674211676836	0.0
409	-0.702024992574376	-1.765612140592645	0.0
410	-0.683279204989126	-1.722196714794137	0.0
411	-0.664557685559764	-1.674362578013884	0.0
412	-0.646108952574965	-1.623513856475732	0.0
413	-0.628039670909712	-1.570659378880131	0.0
414	-0.610380271669089	-1.516530465678757	0.0
415	-0.593120893178588	-1.461666135541583	0.0
416	-0.576230825196449	-1.406471243223592	0.0
417	-0.559669068188005	-1.351255604190215	0.0
418	-0.543390119444085	-1.296260445044153	0.0
419	-0.527347174960006	-1.241676506192614	0.0
420	-0.511493919618620	-1.187656618753441	0.0
421	-0.495785542936214	-1.134324577291328	0.0
422	-0.480179332577706	-1.081781489724358	0.0
423	-0.464635043362840	-1.030110379600450	0.0
424	-0.449115154004658	-0.979379557282716	0.0
425	-0.433585075401694	-0.929645110244612	0.0
426	-0.418013346115194	-0.880952754431997	0.0
427	-0.402371833677714	-0.833339217352564	0.0
428	-0.386635949682247	-0.786833276057518	0.0
429	-0.370784879481846	-0.741456541212027	0.0
430	-0.354801822295841	-0.697224056714483	0.0
431	-0.338674233765990	-0.654144769359236	0.0
432	-0.322394060131410	-0.612221912524444	0.0
433	-0.305957951030669	-0.571453340209006	0.0
434	-0.289367436471537	-0.531831841810486	0.0
435	-0.272629052792978	-0.493345463016007	0.0
436	-0.255754402576711	-0.455977853486753	0.0
437	-0.238760134545477	-0.419708657255709	0.0
438	-0.221667831582054	-0.384513956694134	0.0
439	-0.204503798130848	-0.350366775459216	0.0
440	-0.187298742336773	-0.317237640090636	0.0
441	-0.170087353171050	-0.285095194096735	0.0
442	-0.152907778222820	-0.253906852799966	0.0
443	-0.135801013433315	-0.223639482313334	0.0
444	-0.118810221375649	-0.194260082233017	0.0
445	-0.101979999265227	-0.165736449349138	0.0
446	-0.085355621274439	-0.138037799171327	0.0
447	-0.068982281558173	-0.111135323438189	0.0
448	-0.052904364456262	-0.085002664922246	0.0
449	-0.037164766592975	-0.059616295440764	0.0
450	-0.021804292207870	-0.034955788557946	0.0
451	-0.006861138370365	-0.011003984436927	0.0
452	0.007629518775357	0.012252949920257	0.0
453	0.021635831386885	0.034825556740822	0.0
454	0.035129481148507	0.056721207587639	0.0
455	0.048085779488456	0.077944292582225	0.0
456	0.060483675882319	0.098496462525065	0.0
457	0.072305686155020	0.118376907640164	0.0
458	0.083537754356552	0.137582657642387	0.0
459	0.094169062383985	0.156108889546691	0.0
460	0.104191801224347	0.173949231819161	0.0
461	0.113600916712532	0.191096055846383	0.0
462	0.122393841256914	0.207540748055452	0.0
463	0.130570221287898	0.223273958192897	0.0
464	0.138131648403858	0.238285821166403	0.0
465	0.145081400457319	0.252566151418579	0.0
466	0.151424197233835	0.266104610027800	0.0
467	0.157165973982409	0.278890845636197	0.0
468	0.162313674885033	0.290914610926017	0.0
469	0.166875067607171	0.302165856748030	0.0
470	0.170858579338229	0.312634806196801	0.0
471	0.174273154189632	0.322312010972417	0.0
472	0.177128131441314	0.331188392306283	0.0
473	0.179433143887775	0.339255268593417	0.0
474	0.181198035405642	0.346504371692078	0.0
475	0.182432796821886	0.352927853644363	0.0
476	0.183147519184605	0.358518285353926	0.0
477	0.183352363609064	0.363268648540122	0.0
478	0.183057546976034	0.367172322079046	0.0
479	0.182273342886072	0.370223063645634	0.0
480	0.181010097412843	0.372414987389965	0.0
481	0.179278259343854	0.373742538216361	0.0
482	0.177088424742022	0.374200463086199	0.0
483	0.174451395801357	0.373783779634551	0.0
484	0.171378254100092	0.372487742276546	0.0
485	0.167880448470226	0.370307805881700	0.0
486	0.163969897798564	0.367239587013482	0.0
487	0.159659109145019	0.363278822667832	0.0
488	0.154961311602031	0.358421326399405	0.0
489	0.149890606315697	0.352662941699837	0.0
490	0.144462133033842	0.345999492491077	0.0
491	0.138692253425970	0.338426730621995	0.0
492	0.132598751219399	0.329940280312141	0.0
493	0.126201048897162	0.320535579577263	0.0
494	0.119520440286460	0.310207818801682	0.0
495	0.112580337809695	0.298951876797487	0.0
496	0.105406532450754	0.286762254913543	0.0
497	0.098027463585250	0.273633010030479	0.0
498	0.090474494715659	0.259557687600333	0.0
499	0.082782189827366	0.244529256256416	0.0
500	0.074988583536224	0.228540045919108	0.0
501	0.067135436443408	0.211581691738416	0.0
502	0.059268465181056	0.193645086616692	0.0
503	0.051437534580718	0.174720345407330	0.0
504	0.043696797317566	0.154796784140176	0.0
505	0.036104764406539	0.133862917725605	0.0
506	0.028724288224413	0.111906479476079	0.0
507	0.021622438519460	0.088914465396990	0.0
508	0.014870251402361	0.064873205489036	0.0
509	0.008542331872790	0.039768463245386	0.0
510	0.002716292322582	0.013585563127071	0.0
511	-0.002527987046025	-0.013690455884538	0.0
512	-0.007109284601514	-0.042074664415152	0.0
513	-0.010946151832859	-0.071582050115584	0.0
514	-0.013958208088019	-0.102227315606395	0.0
515	-0.016067596363520	-0.134024675323076	0.0
516	-0.017200568497055	-0.166987660028531	0.0
517	-0.017289155017550	-0.201128937196268	0.0
518	-0.016272862320163	-0.236460153835872	0.0
519	-0.014100329158843	-0.272991805664969	0.0
520	-0.010730867291568	-0.310733133037137	0.0
521	-0.006135809089161	-0.349692040093896	0.0
522	-0.000299589376033	-0.389875029729368	0.0
523	0.006779499539757	-0.431287143686627	0.0
524	0.015088921925632	-0.473931894913420	0.0
525	0.024601899463142	-0.517811178456791	0.0
526	0.035277788460761	-0.562925147639989	0.0
527	0.047062794520818	-0.609272043682976	0.0
528	0.059890960136875	-0.656847968662968	0.0
529	0.073685340926922	-0.705646592958535	0.0
530	0.088359274186306	-0.755658788244933	0.0
531	0.103817639706084	-0.806872174955287	0.0
532	0.119958016437052	-0.859270568256043	0.0
533	0.136671647475825	-0.912833298421979	0.0
534	0.153844137138809	-0.967534369329132	0.0
535	0.171355814430787	-1.023341401500772	0.0
536	0.189081703965452	-1.080214281824072	0.0
537	0.206891045579549	-1.138103407409283	0.0
538	0.224646294913314	-1.196947360548417	0.0
539	0.242201516417783	-1.256669776132135	0.0
540	0.259400044367502	-1.317175046859428	0.0
541	0.276071232318720	-1.378342329333782	0.0
542	0.292026031887067	-1.440017021771563	0.0
543	0.307051033046858	-1.501998405997253	0.0
544	0.320900462431536	-1.564021352392126	0.0
545	0.333285502659283	-1.625728655918246	0.0
546	0.343860283471990	-1.686628355390122	0.0
547	0.352204394993917	-1.746026849770016	0.0
548	0.357803952834703	-1.802923742028570	0.0
549	0.360040307186008	-1.855851001627544	0.0
550	0.358214798650941	-1.902652470071938	0.0
551	0.351678477507862	-1.940282265556007	0.0
552	0.340168670777673	-1.964947651709105	0.0
553	0.324303163410296	-1.973190699289036	0.0
554	0.305713054073611	-1.963786873323310	0.0
555	0.286351864721004	-1.938561252182217	0.0
556	0.267650599232822	-1.901053358720662	0.0
557	0.250313878616087	-1.854782454392491	0.0
558	0.234552433830944	-1.802495431376957	0.0
559	0.220333134739669	-1.746146966684886	0.0
560	0.207525569752359	-1.687095039254766	0.0
561	0.195970978582426	-1.626288869537607	0.0
562	0.185511037997596	-1.564404002518164	0.0
563	0.175998450215603	-1.501931690549968	0.0
564	0.167299802251417	-1.439236917714378	0.0
565	0.159295348310775	-1.376596272433888	0.0
566	0.151877721472077	-1.314223045809889	0.0
567	0.144950417953632	-1.252284176687439	0.0
568	0.138426392035365	-1.190911912003145	0.0
569	0.132226882504815	-1.130211977019041	0.0
570	0.126280500304068	-1.070269395410287	0.0
571	0.120522570729769	-1.011152697046637	0.0
572	0.114894710525423	-0.952917001034969	0.0
573	0.109344616331772	-0.895606303523922	0.0
574	0.103826039798270	-0.839255198501747	0.0
575	0.098298923298224	-0.783890194072834	0.0
576	0.092729667394011	-0.729530743452462	0.0
577	0.087091496610059	-0.676190080988112	0.0
578	0.081364883904174	-0.623875933577012	0.0
579	0.075537987165627	-0.572591163301713	0.0
580	0.069607044228386	-0.522334385421618	0.0
581	0.063576667763343	-0.473100595250019	0.0
582	0.057459979735374	-0.424881826723578	0.0
583	0.051278528592553	-0.377667854021827	0.0
584	0.045061942322096	-0.331446935411310	0.0
585	0.038847287469086	-0.286206586179983	0.0
586	0.032678127476533	-0.241934356238377	0.0
587	0.026603301177160	-0.198618579174134	0.0
588	0.020675470585164	-0.156249054734415	0.0
589	0.014949512175970	-0.114817626947909	0.0
590	0.009480843548652	-0.074318625683655	0.0
591	0.004323784699680	-0.034749149704854	0.0
592	-0.000469951152738	0.003890817370832	0.0
593	-0.004852557291487	0.041598452515465	0.0
594	-0.008781166875195	0.078368281505527	0.0
595	-0.012218590077677	0.114192481499055	0.0
596	-0.015133751911332	0.149061264024027	0.0
597	-0.017501850713066	0.182963303279461	0.0
598	-0.019304274286349	0.215886177289918	0.0
599	-0.020528320793622	0.247816794778987	0.0
600	-0.021166775056982	0.278741787373037	0.0
601	-0.021217389177935	0.308647853760372	0.0
602	-0.020682310948034	0.337522048843949	0.0
603	-0.019567496016303	0.365352016210750	0.0
604	-0.017882131581201	0.392126166185108	0.0
605	-0.015638091489944	0.417833804362213	0.0
606	-0.012849435682346	0.442465217006070	0.0
607	-0.009531961211647	0.466011720286506	0.0
608	-0.005702807673771	0.488465680275859	0.0
609	-0.001380116687047	0.509820510154949	0.0
610	0.003417257087377	0.530070650373759	0.0
611	0.008669987212512	0.549211536711579	0.0
612	0.014358473542832	0.567239560377595	0.0
613	0.020463001833417	0.584152023544124	0.0
614	0.026963869551206	0.599947093041893	0.0
615	0.033841482272286	0.614623754382545	0.0
616	0.041076424663376	0.628181767807743	0.0
617	0.048649509611844	0.640621627689755	0.0
618	0.056541808628690	0.651944526314208	0.0
619	0.064734666230157	0.662152322849313	0.0
620	0.073209700622475	0.671247518135081	0.0
621	0.081948792679658	0.679233235799229	0.0
622	0.090934064920128	0.686113210113616	0.0
623	0.100147851955021	0.691891780937091	0.0
624	0.109572663698061	0.696573896040178	0.0
625	0.119191142491899	0.700165121067520	0.0
626	0.128986015216304	0.702671657359878	0.0
627	0.138940041397296	0.704100367823848	0.0
628	0.149035958331165	0.704458810999657	0.0
629	0.159256424271684	0.703755283431126	0.0
630	0.169583960801411	0.701998870382532	0.0
631	0.180000895617812	0.699199504869903	0.0
632	0.190489307111001	0.695368034873856	0.0
633	0.201030972291181	0.690516298471486	0.0
634	0.211607319838591	0.684657206459164	0.0
635	0.222199390294355	0.677804831828712	0.0
636	0.232787805682736	0.669974505197664	0.0
637	0.243352751147642	0.661182914970853	0.0
638	0.253873971489121	0.651448210615268	0.0
639	0.264330785785910	0.640790106952968	0.0
640	0.274702123569585	0.629229986808048	0.0
641	0.284966586250594	0.616790998674807	0.0
642	0.295102537655991	0.603498145299681	0.0
643	0.305088227585049	0.589378358187270	0.0
644	0.314901952176641	0.574460552055396	0.0
645	0.324522254558227	0.558775652188135	0.0
646	0.333928168651060	0.542356586492760	0.0
647	0.343099508075521	0.525238232893868	0.0
648	0.352017200769046	0.507457311549218	0.0
649	0.360663668134550	0.489052210319767	0.0
650	0.369023245226905	0.470062731064279	0.0
651	0.377082635623007	0.450529743771408	0.0
652	0.384831391197187	0.430494735424704	0.0
653	0.392262403063407	0.409999240971459	0.0
654	0.399372385518586	0.389084145000527	0.0
655	0.406162330050840	0.367788844897696	0.0
656	0.412637901545527	0.346150269505746	0.0
657	0.418809743978021	0.324201751818115	0.0
658	0.424693658436707	0.301971760097777	0.0
659	0.430310612645354	0.279482499107819	0.0
660	0.435686538676978	0.256748401878148	0.0
661	0.440851874741235	0.233774542548192	0.0
662	0.445840808283973	0.210555012161447	0.0
663	0.450690181676307	0.187071311579524	0.0
664	0.455438029005069	0.163290828539146	0.0
665	0.460121723398327	0.139165478753627	0.0
666	0.464775729369878	0.114630603139848	0.0
667	0.469428974194022	0.089604223797691	0.0
668	0.474101876519330	0.063986769094850	0.0
669	0.478803099238168	0.037661381645685	0.0
670	0.483526126598745	0.010494920352840	0.0
671	0.488245801658555	-0.017660243021599	0.0
672	0.492914997620443	-0.046963553246391	0.0
673	0.497461632531397	-0.077582680764993	0.0
674	0.501786267216585	-0.109689011638340	0.0
675	0.505760545864449	-0.143452281094916	0.0
676	0.509226741017682	-0.179034488544183	0.0
677	0.511998643056688	-0.216583316438607	0.0
678	0.513863982448259	-0.256225362331154	0.0
679	0.514588487228075	-0.298059572333655	0.0
680	0.513921558813563	-0.342151321458083	0.0
681	0.511603402879907	-0.388527607233069	0.0
682	0.507373292531716	-0.437173794258561	0.0
683	0.500978489081447	-0.488032260895682	0.0
684	0.492183226420871	-0.541003155830796	0.0
685	0.480777102845637	-0.595947283785404	0.0
686	0.466582237413701	-0.652690929229373	0.0
687	0.449458642504806	-0.711032225293666	0.0
688	0.429307430814566	-0.770748514157134	0.0
689	0.406071689466740	-0.831604050634412	0.0
690	0.379735082392868	-0.893357385264322	0.0
691	0.350318448832162	-0.955767823525475	0.0
692	0.317874821358108	-1.018600475551929	0.0
693	0.282483374366040	-1.081629557478015	0.0
694	0.244242831393069	-1.144639749530907	0.0
695	0.203264818106863	-1.207425528143337	0.0
696	0.159667567342764	-1.269788446810467	0.0
697	0.113570287307956	-1.331532326469892	0.0
698	0.065088418706413	-1.392456216773381	0.0
699	0.014329955818966	-1.452344786666192	0.0
700	-0.038606980857278	-1.510955464604869	0.0
701	-0.093635013972628	-1.568001117793521	0.0
702	-0.150676209924802	-1.623126236720067	0.0
703	-0.209657350457670	-1.675873323713725	0.0
704	-0.270499193605976	-1.725634294717099	0.0
705	-0.333094501386938	-1.771579201440869	0.0
706	-0.397264512456426	-1.812552585383978	0.0
707	-0.462674744335359	-1.846931819035988	0.0
708	-0.528681178182079	-1.872471381609661	0.0
709	-0.594091067194223	-1.886260784442096	0.0
710	-0.656939042859845	-1.885137019050642	0.0
711	-0.714650680235647	-1.866920350042731	0.0
712	-0.764929312584206	-1.831890093463325	0.0
713	-0.806736767116158	-1.782821456606632	0.0
714	-0.840344027128239	-1.723437493625610	0.0
715	-0.866684100397799	-1.657026066345587	0.0
716	-0.886796298905244	-1.586011416969719	0.0
717	-0.901585500152841	-1.512065176551413	0.0
718	-0.911770977014700	-1.436328691573113	0.0
719	-0.917904591021237	-1.359595126040689	0.0
720	-0.920404044211713	-1.282433052356082	0.0
721	-0.919583521138729	-1.205265975694196	0.0
722	-0.915677939558832	-1.128423277835807	0.0
723	-0.908861260395724	-1.052173408130903	0.0
724	-0.899260218793925	-0.976746104675628	0.0
725	-0.886964773681508	-0.902347761647194	0.0
726	-0.872036299593229	-0.829172428488684	0.0
727	-0.854514281871634	-0.757409946461747	0.0
728	-0.834422070754410	-0.687252133396347	0.0
729	-0.811772097277318	-0.618897558436906	0.0
730	-0.786570839680125	-0.552555212755543	0.0
731	-0.758823739057381	-0.488447227141001	0.0
732	-0.728540186617867	-0.426810683972917	0.0
733	-0.695738634945927	-0.367898503872889	0.0
734	-0.660451818284861	-0.311979348694820	0.0
735	-0.622732001394172	-0.259336469147531	0.0
736	-0.582656115097719	-0.210265435593024	0.0
737	-0.540330583637294	-0.165070722494582	0.0
738	-0.495895610039812	-0.124061166873230	0.0
739	-0.449528666322092	-0.087544382658997	0.0
740	-0.401446938873969	-0.055820277300072	0.0
741	-0.351908505488962	-0.029173874731949	0.0
742	-0.301212064565486	-0.007867691582525	0.0
743	-0.249695090728336	0.007866062612734	0.0
744	-0.197730345351398	0.017833182852630	0.0
745	-0.145720719075094	0.021884785143797	0.0
746	-0.094092427210203	0.019923957614706	0.0
747	-0.043286627452188	0.011911439951474	0.0
748	0.006250401199803	-0.002130014872303	0.0
749	0.054078272837172	-0.022112987207062	0.0
750	0.099774306885130	-0.047884857936391	0.0
751	0.142945562363306	-0.079229771046272	0.0
752	0.183240343657070	-0.115873338913027	0.0
753	0.220358311411730	-0.157490111033971	0.0
754	0.254058328846071	-0.203713524681744	0.0
755	0.284163315891362	-0.254147734347756	0.0
756	0.310561665679762	-0.308380449923311	0.0
757	0.333205152449927	-0.365995768631732	0.0
758	0.352103650202943	-0.426585999311752	0.0
759	0.367317306475108	-0.489761643208183	0.0
760	0.378947015780158	-0.555158967683210	0.0
761	0.387124089815780	-0.622444922042004	0.0
762	0.391999941023973	-0.691319432980085	0.0
763	0.393736422871270	-0.761515334257541	0.0
764	0.392497253641565	-0.832796309580124	0.0
765	0.388440734470156	-0.904953260429407	0.0
766	0.381713786766341	-0.977799467085647	0.0
767	0.372447193320969	-1.051164811222481	0.0
768	0.360751832505081	-1.124889188566899	0.0
769	0.346715638950594	-1.198815067370004	0.0
770	0.330400996352527	-1.272778936767305	0.0
771	0.311842258547371	-1.346601114896010	0.0
772	0.291043098461209	-1.420073001311005	0.0
773	0.267973406347066	-1.492940274296376	0.0
774	0.242565528890733	-1.564879599453079	0.0
775	0.214709848166190	-1.635464875902820	0.0
776	0.184250280580854	-1.704116499932471	0.0
777	0.150981839811158	-1.770023085224416	0.0
778	0.114656472710090	-1.832019609958436	0.0
779	0.075013410837955	-1.888402856423180	0.0
780	0.031872114428093	-1.936683866350849	0.0
781	-0.014642707796633	-1.973384901903436	0.0
782	-0.063701841115090	-1.994299906634514	0.0
783	-0.113448333656728	-1.995915384804318	0.0
784	-0.161413577761509	-1.977606092751609	0.0
785	-0.205649164347513	-1.942152622316997	0.0
786	-0.245341842031636	-1.893830306278661	0.0
787	-0.280520488488253	-1.836511328600391	0.0
788	-0.311565454895809	-1.773051946870353	0.0
789	-0.338920740574271	-1.705411402331106	0.0
790	-0.362983027404070	-1.634917912487130	0.0
791	-0.384073501511265	-1.562485020617705	0.0
792	-0.402439271301541	-1.488757024699267	0.0
793	-0.418262778221378	-1.414201995537543	0.0
794	-0.431671753804464	-1.339171251820092	0.0
795	-0.442747621219714	-1.263938205501587	0.0
796	-0.451532075021928	-1.188724585814578	0.0
797	-0.458032133733778	-1.113718891585623	0.0
798	-0.462224087926917	-1.039090016343088	0.0
799	-0.464056763489203	-0.964997851527033	0.0
800	-0.463454488543242	-0.891601978176428	0.0
801	-0.460320123284738	-0.819069114575405	0.0
802	-0.454538488359126	-0.747579684987131	0.0
803	-0.445980502332024	-0.677333649083346	0.0
804	-0.434508300744846	-0.608555548407341	0.0
805	-0.419981544677217	-0.541498570093675	0.0
806	-0.402265022787429	-0.476447298792491	0.0
807	-0.381237498842551	-0.413718737003166	0.0
808	-0.356801557263334	-0.353661142315622	0.0
809	-0.328893966955638	-0.296650281222006	0.0
810	-0.297495851023873	-0.243082851716041	0.0
811	-0.262641765248891	-0.193367083159748	0.0
812	-0.224426706995387	-0.147910858178598	0.0
813	-0.183010144960755	-0.107108064433353	0.0
814	-0.138616397073885	-0.071324198824812	0.0
815	-0.091531064777132	-0.040882435313986	0.0
816	-0.042093690172794	-0.016051375573524	0.0
817	0.009312754304131	0.002964481208196	0.0
818	0.062274595295479	0.016030847516440	0.0
819	0.116361282674498	0.023086044489170	0.0
820	0.171139183420311	0.024139797360824	0.0
821	0.226184365041797	0.019268865211504	0.0
822	0.281093624480584	0.008610153765600	0.0
823	0.335493288094857	-0.007647942134426	0.0
824	0.389045565975585	-0.029275217289679	0.0
825	0.441452461848820	-0.056009671522641	0.0
826	0.492457406583337	-0.087567281339641	0.0
827	0.541844897872384	-0.123651070614920	0.0
828	0.589438495437550	-0.163959150206180	0.0
829	0.635097546742592	-0.208191517660474	0.0
830	0.678713010122546	-0.256055516389035	0.0
831	0.720202708190615	-0.307269943790044	0.0
832	0.759506292207710	-0.361567866512789	0.0
833	0.796580135204991	-0.418698246986502	0.0
834	0.831392304421993	-0.478426508824867	0.0
835	0.863917696821889	-0.540534171383729	0.0
836	0.894133357810525	-0.604817667734117	0.0
837	0.922013943367610	-0.671086427329569	0.0
838	0.947527227941559	-0.739160254926026	0.0
839	0.970629500792461	-0.808865968360860	0.0
840	0.991260625743460	-0.880033162728939	0.0
841	1.009338454458028	-0.952488833413849	0.0
842	1.024752168789547	-1.026050389957256	0.0
843	1.037353966586902	-1.100516282074365	0.0
844	1.046948277219605	-1.175652960100889	0.0
845	1.053277381230091	-1.251176070018001	0.0
846	1.056001928662967	-1.326722412979120	0.0
847	1.054674549059000	-1.401806940721691	0.0
848	1.048705105368421	-1.475755552465388	0.0
849	1.037319067328059	-1.547600037940502	0.0
850	1.019521415240963	-1.615920304863076	0.0
851	0.994110005867130	-1.678639312310388	0.0
852	0.959848384999364	-1.732870814503347	0.0
853	0.915956970930370	-1.775148222826539	0.0
854	0.862850930725535	-1.802476465093819	0.0
855	0.802429906039860	-1.813836069314877	0.0
856	0.737336239498127	-1.810606286824007	0.0
857	0.669908643499424	-1.795469560308866	0.0
858	0.601749951676854	-1.771156881266868	0.0
859	0.533828293456231	-1.739883472749422	0.0
860	0.466706304211667	-1.703291621475613	0.0
861	0.400718332855260	-1.662565169857171	0.0
862	0.336078054839406	-1.618557928893265	0.0
863	0.272938755941016	-1.571894390789394	0.0
864	0.211426288374886	-1.523041285675337	0.0
865	0.151656897984000	-1.472357226706643	0.0
866	0.093746585494323	-1.420127392651724	0.0
867	0.037815510229879	-1.366588264418536	0.0
868	-0.016010737794592	-1.311945717147832	0.0
869	-0.067602046653133	-1.256388545266508	0.0
870	-0.116826362691589	-1.200098676495458	0.0
871	-0.163553634638758	-1.143258789450421	0.0
872	-0.207660877584646	-1.086057698057149	0.0
873	-0.249038092849238	-1.028693649406752	0.0
874	-0.287594711931818	-0.971375569142798	0.0
875	-0.323266145438458	-0.914322262606254	0.0
876	-0.356019938040420	-0.857759627733436	0.0
877	-0.385860983951259	-0.801916041792321	0.0
878	-0.412835266028619	-0.747016227028112	0.0
879	-0.437031658820477	-0.693274052146023	0.0
880	-0.458581482311898	-0.640884855665142	0.0
881	-0.477655694635678	-0.590017954028226	0.0
882	-0.494459841369079	-0.540810001218697	0.0
883	-0.509227101477646	-0.493359790816192	0.0
884	-0.522209951072865	-0.447724945091592	0.0
885	-0.533671079748552	-0.403920741596761	0.0
886	-0.543874227811425	-0.361921116154997	0.0
887	-0.553075568775100	-0.321661683056415	0.0
888	-0.561516155227657	-0.283044453436797	0.0
889	-0.569415800372806	-0.245943826123965	0.0
890	-0.576968606754955	-0.210213375687578	0.0
891	-0.584340199478708	-0.175692964921499	0.0
892	-0.591666589276325	-0.142215752479483	0.0
893	-0.599054489911507	-0.109614737338907	0.0
894	-0.606582847358349	-0.077728566983886	0.0
895	-0.614305303107671	-0.046406424620635	0.0
896	-0.622253306164577	-0.015511894228053	0.0
897	-0.630439601876850	0.015074224411170	0.0
898	-0.638861854582489	0.045452118115958	0.0
899	-0.647506199603144	0.075702100959714	0.0
900	-0.656350563571617	0.105884580908026	0.0
901	-0.665367636591685	0.136040719588786	0.0
902	-0.674527422266310	0.166193642763859	0.0
903	-0.683799329952363	0.196350058808096	0.0
904	-0.693153806167880	0.226502149748636	0.0
905	-0.702563527998642	0.256629612338649	0.0
906	-0.712004200319961	0.286701743431203	0.0
907	-0.721455010880525	0.316679482879871	0.0
908	-0.730898803428400	0.346517346797016	0.0
909	-0.740322030045447	0.376165202964364	0.0
910	-0.749714540827752	0.405569857520588	0.0
911	-0.759069263189802	0.434676437067833	0.0
912	-0.768381815501528	0.463429562670779	0.0
913	-0.777650091465166	0.491774321767519	0.0
914	-0.786873843380153	0.519657050890248	0.0
915	-0.796054284788762	0.547025946581024	0.0
916	-0.805193726295397	0.573831524352703	0.0
917	-0.814295252781518	0.600026946395319	0.0
918	-0.823362445828821	0.625568238365446	0.0
919	-0.832399151849054	0.650414414386855	0.0
920	-0.841409294071692	0.674527527647388	0.0
921	-0.850396725002793	0.697872661951369	0.0
922	-0.859365115075255	0.720417877470325	0.0
923	-0.868317872807477	0.742134121864350	0.0
924	-0.877258091737702	0.762995116012787	0.0
925	-0.886188519591760	0.782977221849726	0.0
926	-0.895111545482419	0.802059298273100	0.0
927	-0.904029201360954	0.820222549791445	0.0
928	-0.912943174396535	0.837450371482201	0.0
929	-0.921854827412747	0.853728192943507	0.0
930	-0.930765224941469	0.869043323207299	0.0
931	-0.939675162850087	0.883384798022746	0.0
932	-0.948585199852691	0.896743230493154	0.0
933	-0.957495689528482	0.909110665735100	0.0
934	-0.966406811742642	0.920480440006017	0.0
935	-0.975318602599807	0.930847044597964	0.0
936	-0.984230982262277	0.940205994705090	0.0
937	-0.993143780138420	0.948553703426443	0.0
938	-1.002056757095637	0.955887361052097	0.0
939	-1.010969624480247	0.962204819788520	0.0
940	-1.019882059836818	0.967504484099483	0.0
941	-1.028793719314098	0.971785206863831	0.0
942	-1.037704246825552	0.975046191574352	0.0
943	-1.046613280100657	0.977286900817450	0.0
944	-1.055520453819270	0.978506971276819	0.0
945	-1.064425400065817	0.978706135492688	0.0
946	-1.073327746372861	0.977884150579104	0.0
947	-1.082227111644688	0.976040734054082	0.0
948	-1.091123100260810	0.973175506870964	0.0
949	-1.100015294656764	0.969287943654814	0.0
950	-1.108903246665205	0.964377330046659	0.0
951	-1.117786467874523	0.958442726943184	0.0
952	-1.126664419225153	0.951482941292960	0.0
953	-1.135536500016154	0.943496502975857	0.0
954	-1.144402036436901	0.934481647153490	0.0
955	-1.153260269671543	0.924436301339322	0.0
956	-1.162110343547671	0.913358076301127	0.0
957	-1.170951291615792	0.901244259779790	0.0
958	-1.179782023452782	0.888091811890502	0.0
959	-1.188601309880265	0.873897360968890	0.0
960	-1.197407766677366	0.858657198538984	0.0
961	-1.206199836245403	0.842367272015623	0.0
962	-1.214975766548863	0.825023173714621	0.0
963	-1.223733586510736	0.806620124733764	0.0
964	-1.232471076879665	0.787152952291023	0.0
965	-1.241185735409979	0.766616059168754	0.0
966	-1.249874735002729	0.745003384020528	0.0
967	-1.258534873246408	0.722308351458378	0.0
968	-1.267162511571585	0.698523811061842	0.0
969	-1.275753501997719	0.673641964746747	0.0
970	-1.284303099209101	0.647654282313027	0.0
971	-1.292805855459802	0.620551405469596	0.0
972	-1.301255495588568	0.592323041223022	0.0
973	-1.309644769242468	0.562957846227130	0.0
974	-1.317965277287138	0.532443304531678	0.0
975	-1.326207269351765	0.500765602144215	0.0
976	-1.334359409554220	0.467909502927408	0.0
977	-1.342408507716607	0.433858231581481	0.0
978	-1.350339213857403	0.398593370781758	0.0
979	-1.358133674476873	0.362094780911948	0.0
980	-1.365771150176570	0.324340552192773	0.0
981	-1.373227595500152	0.285307000269928	0.0
982	-1.380475203562066	0.244968717391435	0.0
983	-1.387481920026862	0.203298692049936	0.0
984	-1.394210933262864	0.160268510256038	0.0
985	-1.400620149922117	0.115848651307853	0.0
986	-1.406661667644387	0.070008889905962	0.0
987	-1.412281258840325	0.022718814640957	0.0
988	-1.417417881317487	-0.026051529782515	0.0
989	-1.422003232567007	-0.076330872678988	0.0
990	-1.425961364494989	-0.128145820065084	0.0
991	-1.429208373926216	-0.181519834541312	0.0
992	-1.431652181026011	-0.236472101411515	0.0
993	-1.433192402645866	-0.293016293827749	0.0
994	-1.433720320372698	-0.351159252144111	0.0
995	-1.433118933756566	-0.410899592870605	0.0
996	-1.431263077960458	-0.472226259702907	0.0
997	-1.428019572208614	-0.535117022047171	0.0
998	-1.423247351303305	-0.599536914150544	0.0
999	-1.416797517585610	-0.665436589132111	0.0
